Name,Price,Rating,Ratingcount,Dealername
2021 Mercedes-Benz GLC 300 Base,"$54,730","<span class=""sds-rating__count"">4.9</span>","(1,987 reviews)","
Mercedes-Benz of San Antonio
"
2023 Mercedes-Benz AMG GLE 63 S,"$125,145","<span class=""sds-rating__count"">4.6</span>","(2,276 reviews)","
Mercedes-Benz of Stevens Creek
"
2023 Mercedes-Benz AMG GT 43 Base,"$97,300","<span class=""sds-rating__count"">4.5</span>",(791 reviews),"
Silver Star Motors
"
2023 Mercedes-Benz AMG GLB 35 Base,"$64,880","<span class=""sds-rating__count"">4.6</span>","(2,198 reviews)","
Mercedes-Benz of El Dorado Hills
"
2023 Mercedes-Benz AMG EQE Base,"$124,140",,(80 reviews),"
Mercedes-Benz of Indianapolis
"
2023 Mercedes-Benz AMG SL 63 SL 63 AMG,"$206,755","<span class=""sds-rating__count"">4.8</span>","(1,874 reviews)","
Mercedes-Benz of Massapequa
"
2022 Mercedes-Benz AMG G 63 AMG G 63 4x4 Squared,"$367,820","<span class=""sds-rating__count"">4.7</span>",(734 reviews),"
Mercedes-Benz of Covington
"
2024 Mercedes-Benz GLE 450 ,"$89,140","<span class=""sds-rating__count"">4.7</span>","(1,156 reviews)","
Mercedes-Benz of Littleton
"
2023 Mercedes-Benz GLC 300 Base 4MATIC,"$51,045",,(6 reviews),"
Mercedes-Benz of Rochester
"
2023 Mercedes-Benz AMG E 53 Base 4MATIC,"$102,025","<span class=""sds-rating__count"">4.1</span>","(1,028 reviews)","
RBM of Atlanta
"
2023 Mercedes-Benz S-Class S 500 4MATIC,"$129,305","<span class=""sds-rating__count"">4.8</span>","(1,251 reviews)","
Mercedes-Benz of North Haven
"
2023 Mercedes-Benz EQB 250 Base,"$60,110","<span class=""sds-rating__count"">4.3</span>",(494 reviews),"
Mercedes-Benz of Catonsville
"
2023 Mercedes-Benz C-Class C 300,"$54,870","<span class=""sds-rating__count"">4.6</span>","(1,779 reviews)","
Mercedes-Benz of Delray
"
2023 Mercedes-Benz EQB 250 Base,"$64,220","<span class=""sds-rating__count"">4.7</span>",(908 reviews),"
Mercedes-Benz of Naperville
"
2023 Mercedes-Benz GLS 580 Base 4MATIC,"$116,260","<span class=""sds-rating__count"">4.3</span>","(1,645 reviews)","
Mercedes-Benz of White Plains
"
2023 Mercedes-Benz EQS 580 Base 4MATIC,"$136,270",,(194 reviews),"
James Motor Company
"
2023 Mercedes-Benz GLE 350 Base 4MATIC,"$72,040",,(50 reviews),"
Mercedes-Benz of Fort Wayne
"
2023 Mercedes-Benz EQE 350 Base 4MATIC,"$94,540",,(233 reviews),"
Mercedes-Benz of New London
"
2023 Mercedes-Benz C-Class C 300,"$48,395","<span class=""sds-rating__count"">4.7</span>",(700 reviews),"
Mercedes-Benz of North Orlando
"
2023 Mercedes-Benz E-Class E 350 4MATIC,Not Priced,"<span class=""sds-rating__count"">4.6</span>","(1,189 reviews)","
Mercedes-Benz of Hoffman Estates
"
2022 Mercedes-Benz Sprinter 2500 144 WB Standard Roof Passenger,"$76,603","<span class=""sds-rating__count"">4.9</span>","(6,757 reviews)","
Walter's Mercedes-Benz of Riverside
"
